common/luaUtilities/sharing/transfer_enums.lua	modules/sharing/enums.lua
common/luaUtilities/sharing/serialization.lua	modules/sharing/serialization.lua
common/luaUtilities/sharing/policy_events.lua	modules/sharing/policy_events.lua
common/luaUtilities/sharing/context_factory.lua	modules/sharing/context_factory.lua
common/luaUtilities/sharing/team_resource_data.lua	modules/sharing/team_resource_data.lua
common/luaUtilities/sharing/unsynced.lua	modules/sharing/unsynced.lua
common/luaUtilities/sharing/resource_transfer_shared.lua	modules/sharing/resource/shared.lua
common/luaUtilities/sharing/resource_transfer_comms.lua	modules/sharing/resource/comms.lua
common/luaUtilities/sharing/resource_transfer_synced.lua	modules/sharing/resource/synced.lua
common/luaUtilities/sharing/unit_transfer_shared.lua	modules/sharing/unit/shared.lua
common/luaUtilities/sharing/unit_transfer_comms.lua	modules/sharing/unit/comms.lua
common/luaUtilities/sharing/unit_transfer_synced.lua	modules/sharing/unit/synced.lua
common/luaUtilities/sharing/unit_transfer_unsynced.lua	modules/sharing/unit/unsynced.lua
common/luaUtilities/sharing/unit_sharing_categories.lua	modules/sharing/unit/categories.lua
common/luaUtilities/sharing/take_comms.lua	modules/sharing/take/comms.lua
common/luaUtilities/sharing/tech_blocking_shared.lua	modules/sharing/tech/blocking.lua
common/luaUtilities/sharing/tech_blocking_comms.lua	modules/sharing/tech/blocking_comms.lua
common/luaUtilities/sharing/gui_advplayerlist/	modules/sharing/policy_views/
common/luaUtilities/economy/economy_waterfill_solver.lua	modules/sharing/economy/waterfill_solver.lua
common/luaUtilities/economy/manual_share_ledger.lua	modules/sharing/economy/manual_share_ledger.lua
common/luaUtilities/economy/share_stats.lua	modules/sharing/economy/share_stats.lua
common/luaUtilities/economy/shared_config.lua	modules/sharing/economy/shared_config.lua
modes/sharing/	modules/sharing/modes/
luarules/gadgets/cmd_take.lua	modules/sharing/gadgets/cmd_take.lua
luarules/gadgets/game_resource_transfer_controller.lua	modules/sharing/gadgets/game_resource_transfer_controller.lua
luarules/gadgets/game_unit_transfer_controller.lua	modules/sharing/gadgets/game_unit_transfer_controller.lua
luarules/gadgets/game_tech_blocking.lua	modules/sharing/gadgets/game_tech_blocking.lua
luarules/gadgets/game_share_policy_forwarding.lua	modules/sharing/gadgets/game_share_policy_forwarding.lua
luarules/gadgets/game_allied_unit_reclaim_mode.lua	modules/sharing/gadgets/game_allied_unit_reclaim_mode.lua
luarules/gadgets/game_disable_ally_geo_mex_upgrades.lua	modules/sharing/gadgets/game_disable_ally_geo_mex_upgrades.lua
luarules/gadgets/game_allied_assist_mode.lua	modules/sharing/gadgets/game_allied_assist_mode.lua
luarules/gadgets/game_allow_partial_resurrection.lua	modules/sharing/gadgets/game_allow_partial_resurrection.lua
luaui/Widgets/cmd_take.lua	modules/sharing/widgets/cmd_take.lua
luaui/Widgets/export_game_modes.lua	modules/sharing/widgets/export_game_modes.lua
luaui/RmlWidgets/gui_tech_points/	modules/sharing/rml_widgets/gui_tech_points/
spec/common/luaUtilities/sharing/policy_events_spec.lua	modules/sharing/spec/policy_events_spec.lua
spec/common/luaUtilities/sharing/resource_policy_cache_spec.lua	modules/sharing/spec/resource/factor_cache_spec.lua
spec/common/luaUtilities/sharing/resource_transfer_synced_spec.lua	modules/sharing/spec/resource/transfer_spec.lua
spec/common/luaUtilities/sharing/take_comms_spec.lua	modules/sharing/spec/take/comms_spec.lua
spec/common/luaUtilities/sharing/unit_policy_cache_spec.lua	modules/sharing/spec/unit/factor_cache_spec.lua
spec/common/luaUtilities/sharing/unit_sharing_categories_spec.lua	modules/sharing/spec/unit/categories_spec.lua
spec/common/luaUtilities/sharing/unit_transfer_synced_spec.lua	modules/sharing/spec/unit/transfer_spec.lua
spec/common/luaUtilities/economy/bar_economy_waterfill_solver_spec.lua	modules/sharing/spec/economy/waterfill_solver_spec.lua
spec/common/luaUtilities/economy/share_stats_spec.lua	modules/sharing/spec/economy/share_stats_spec.lua
spec/modes/	modules/sharing/spec/modes/
spec/luarules/gadgets/game_resource_transfer_controller_spec.lua	modules/sharing/spec/gadgets/game_resource_transfer_controller_spec.lua
types/sharing.lua	modules/sharing/types/sharing.lua
